{
  "pillar": "mens-mental-health",
  "domain": "anxiety-and-overthinking",
  "state_id": "MMH-AP-01",
  "tools": [
    {
      "id": "S1",
      "state_id": "S1",
      "name": "Box Breathing (4-4-4-4)",
      "action": "Grounding: Inhale 4s, Hold 4s, Exhale 4s, Hold 4s. Repeat 4 times to reset the nervous system. This breathing pattern works by creating a structured rhythm that helps regulate your nervous system. When you're anxious or in performance mode, your breathing can become shallow and rapid. The 4-4-4-4 pattern (inhale 4 seconds, hold 4, exhale 4, hold 4) creates a predictable rhythm that signals safety to your body and helps reset your stress response.",
      "disclaimer": "This is a practical tool, not a replacement for professional support. This is here if you want it. Use what helps. Ignore what doesn't.",
      "how_it_works": "Manually overrides the Autonomic Nervous System by stimulating the Vagus Nerve, forcing a shift from Sympathetic (Fight/Flight) to Parasympathetic (Rest/Regulate) dominance. When you're in a high-performance state or experiencing anxiety, your nervous system is stuck in sympathetic activation. This tactic works by using structured breathing patterns to directly influence the vagus nerve, which is the primary pathway for regulating the autonomic nervous system. The 4-4-4-4 rhythm creates a predictable pattern that signals safety to your body, while the breath holds allow CO2 levels to stabilize, which further supports the shift to parasympathetic dominance. This isn't about calming down through willpower, but rather using bio-mechanical leverage to force a physiological state change that your body can't override through mental effort alone.",
      "where_it_came_from": "Derived from elite operator stress-management protocols and neurobiological stress-response research. This approach draws from tactical breathing techniques used in high-stakes environments where operators need to maintain performance under extreme pressure. The specific mechanics have been validated through both military training protocols and neuroscientific research on vagal nerve stimulation and autonomic regulation. Rather than requiring extensive training or theoretical understanding, this has been distilled down to a bio-mechanical override you can deploy in real-time when your system is stuck in fight-or-flight mode.",
      "steps": [
        "Execute a 4-second inhalation to expand the lower lung capacity.",
        "Hold for 4 seconds to allow CO2 levels to stabilize the blood chemistry.",
        "Force a 4-second exhalation to trigger the physiological sigh response.",
        "Hold empty for 4 seconds before re-engaging the cycle."
      ],
      "slug": "s1",
      "description": "Grounding: Inhale 4s, Hold 4s, Exhale 4s, Hold 4s. Repeat 4 times to reset the nervous system. This breathing pattern works by creating a structured rhythm that helps regulate your nervous system. When you're anxious or in performance mode, your breathing can become shallow and rapid. The 4-4-4-4 pattern (inhale 4 seconds, hold 4, exhale 4, hold 4) creates a predictable rhythm that signals safety to your body and helps reset your stress response."
    },
    {
      "id": "S2",
      "state_id": "S2",
      "name": "Control vs. Concern Audit",
      "action": "Audit: Draw two columns. List stressors you can control vs. those you cannot. Cross out the 'cannot' column. When you're anxious, your mind often loops on things you can't control. This technique helps you separate what you can actually influence from what you cannot. By drawing two columns and listing stressors in each, then crossing out the 'cannot control' column, you're training your brain to focus on what's actionable rather than what's just noise.",
      "disclaimer": "This is a practical tool, not a replacement for professional support. This is here if you want it. Use what helps. Ignore what doesn't.",
      "how_it_works": "Leverages psychological mechanics to disrupt old loops and install new tactical responses. When you're stuck in reactive patterns, your nervous system defaults to familiar pathways that may no longer serve you. This tactic works by creating an intentional interruption in those automatic loops, giving your system a chance to recalibrate. The mechanism involves redirecting your attention from the internal narrative that's running on repeat to external sensory input or structured action. This shift creates space for your system to access different response options. It's not about forcing a change through willpower, but rather creating the conditions where your body and mind can naturally access more adaptive patterns. The psychological mechanics here involve pattern interruption, attention redirection, and creating new neural pathways through repeated tactical practice.",
      "where_it_came_from": "Grounded in behavioral psychology, adapted for the real-world fight. This approach draws from evidence-based frameworks around pattern interruption, stress response regulation, and behavioral activation. The specific mechanics have been tested in both clinical settings and lived experience of what actually works when someone is in the middle of struggling. Rather than requiring extensive preparation or theoretical understanding, this has been distilled down to tactical responses you can deploy in the moment. It combines principles from cognitive reframing, somatic regulation techniques, and practical stress management, but presented as actionable tactics rather than abstract concepts.",
      "steps": [
        "Take a moment to pause and notice where you are right now",
        "Follow the specific guidance for this technique",
        "Notice what happens in your body and mind as you practice",
        "Allow whatever comes up without judgment",
        "Return to this practice as needed throughout your day"
      ],
      "slug": "s2",
      "description": "Audit: Draw two columns. List stressors you can control vs. those you cannot. Cross out the 'cannot' column. When you're anxious, your mind often loops on things you can't control. This technique helps you separate what you can actually influence from what you cannot. By drawing two columns and listing stressors in each, then crossing out the 'cannot control' column, you're training your brain to focus on what's actionable rather than what's just noise."
    },
    {
      "id": "S3",
      "state_id": "S3",
      "name": "Pre-Performance Scripting",
      "action": "Drafting: Write down 3 'If/Then' scenarios for your upcoming task. (e.g., 'If I lose my place, then I will take a sip of water and reset.') Performance anxiety often comes from fear of the unknown. This technique helps you prepare for potential challenges by writing down 'If/Then' scenarios. By pre-planning your response to things that might go wrong, you reduce uncertainty and increase your sense of control. Having a plan for setbacks makes them less threatening.",
      "disclaimer": "This is a practical tool, not a replacement for professional support. This is here if you want it. Use what helps. Ignore what doesn't.",
      "how_it_works": "Leverages psychological mechanics to disrupt old loops and install new tactical responses. When you're stuck in reactive patterns, your nervous system defaults to familiar pathways that may no longer serve you. This tactic works by creating an intentional interruption in those automatic loops, giving your system a chance to recalibrate. The mechanism involves redirecting your attention from the internal narrative that's running on repeat to external sensory input or structured action. This shift creates space for your system to access different response options. It's not about forcing a change through willpower, but rather creating the conditions where your body and mind can naturally access more adaptive patterns. The psychological mechanics here involve pattern interruption, attention redirection, and creating new neural pathways through repeated tactical practice.",
      "where_it_came_from": "Grounded in behavioral psychology, adapted for the real-world fight. This approach draws from evidence-based frameworks around pattern interruption, stress response regulation, and behavioral activation. The specific mechanics have been tested in both clinical settings and lived experience of what actually works when someone is in the middle of struggling. Rather than requiring extensive preparation or theoretical understanding, this has been distilled down to tactical responses you can deploy in the moment. It combines principles from cognitive reframing, somatic regulation techniques, and practical stress management, but presented as actionable tactics rather than abstract concepts.",
      "steps": [
        "Take a moment to pause and notice where you are right now",
        "Follow the specific guidance for this technique",
        "Notice what happens in your body and mind as you practice",
        "Allow whatever comes up without judgment",
        "Return to this practice as needed throughout your day"
      ],
      "slug": "s3",
      "description": "Drafting: Write down 3 'If/Then' scenarios for your upcoming task. (e.g., 'If I lose my place, then I will take a sip of water and reset.') Performance anxiety often comes from fear of the unknown. This technique helps you prepare for potential challenges by writing down 'If/Then' scenarios. By pre-planning your response to things that might go wrong, you reduce uncertainty and increase your sense of control. Having a plan for setbacks makes them less threatening."
    },
    {
      "id": "S4",
      "state_id": "S4",
      "name": "High-Intensity Burst",
      "action": "Output: Perform 30 seconds of maximum effort movement (shadow boxing or sprints) to burn off excess cortisol. When anxiety creates excess energy in your system, sometimes the best approach is to burn it off physically. This technique involves 30 seconds of maximum effort movement, which helps ride stress hormones like cortisol and adrenaline. The intense physical output provides an outlet for the energy that would otherwise fuel anxious thoughts or physical tension.",
      "disclaimer": "This is a practical tool, not a replacement for professional support. This is here if you want it. Use what helps. Ignore what doesn't.",
      "how_it_works": "Leverages psychological mechanics to disrupt old loops and install new tactical responses. When you're stuck in reactive patterns, your nervous system defaults to familiar pathways that may no longer serve you. This tactic works by creating an intentional interruption in those automatic loops, giving your system a chance to recalibrate. The mechanism involves redirecting your attention from the internal narrative that's running on repeat to external sensory input or structured action. This shift creates space for your system to access different response options. It's not about forcing a change through willpower, but rather creating the conditions where your body and mind can naturally access more adaptive patterns. The psychological mechanics here involve pattern interruption, attention redirection, and creating new neural pathways through repeated tactical practice.",
      "where_it_came_from": "Grounded in behavioral psychology, adapted for the real-world fight. This approach draws from evidence-based frameworks around pattern interruption, stress response regulation, and behavioral activation. The specific mechanics have been tested in both clinical settings and lived experience of what actually works when someone is in the middle of struggling. Rather than requiring extensive preparation or theoretical understanding, this has been distilled down to tactical responses you can deploy in the moment. It combines principles from cognitive reframing, somatic regulation techniques, and practical stress management, but presented as actionable tactics rather than abstract concepts.",
      "steps": [
        "Take a moment to pause and notice where you are right now",
        "Follow the specific guidance for this technique",
        "Notice what happens in your body and mind as you practice",
        "Allow whatever comes up without judgment",
        "Return to this practice as needed throughout your day"
      ],
      "slug": "s4",
      "description": "Output: Perform 30 seconds of maximum effort movement (shadow boxing or sprints) to burn off excess cortisol. When anxiety creates excess energy in your system, sometimes the best approach is to burn it off physically. This technique involves 30 seconds of maximum effort movement, which helps ride stress hormones like cortisol and adrenaline. The intense physical output provides an outlet for the energy that would otherwise fuel anxious thoughts or physical tension."
    }
  ],
  "disclaimer": "Tactical manual for nervous system regulation. This guide focuses on bio-mechanical overrides for high-performance states.",
  "pillar_slug": "mens-mental-health",
  "domain_slug": "anxiety-and-overthinking"
}
