{
  "gates": {
    "mens-mental-health": {
      "painPoints": 40,
      "matched": 40
    },
    "womens-mental-health": {
      "painPoints": 40,
      "matched": 40
    },
    "addiction-recovery": {
      "painPoints": 40,
      "matched": 40
    },
    "fathers-and-sons": {
      "painPoints": 40,
      "matched": 40
    },
    "teen-and-gen-z": {
      "painPoints": 40,
      "matched": 40
    },
    "grief-and-loss": {
      "painPoints": 40,
      "matched": 40
    },
    "financial-collapse-and-purpose": {
      "painPoints": 40,
      "matched": 40
    },
    "trauma-rebuild": {
      "painPoints": 40,
      "matched": 40
    },
    "heartbreak-loop": {
      "painPoints": 40,
      "matched": 40
    },
    "identity-crisis": {
      "painPoints": 40,
      "matched": 40
    },
    "full-resurrection-system": {
      "painPoints": 40,
      "matched": 40
    },
    "loneliness": {
      "painPoints": 40,
      "matched": 40
    }
  },
  "unmatchedGates": [
    "fathers-and-sons",
    "teen-and-gen-z",
    "grief-and-loss",
    "loneliness"
  ]
}