{
  "id": "approval_1766613745787_jn98o2t",
  "filePath": "test.js",
  "timestamp": "2025-12-24T22:02:25.787Z",
  "reason": "Test",
  "testResults": {
    "overallStatus": "pass",
    "syntaxTest": {
      "syntaxValid": true,
      "errors": [],
      "warnings": []
    },
    "issues": []
  },
  "comparison": {
    "added": 0,
    "removed": 0,
    "modified": 1,
    "totalChanges": 1,
    "details": {
      "added": [],
      "removed": [],
      "modified": [
        {
          "line": 1,
          "original": "old",
          "new": "new"
        }
      ]
    }
  },
  "status": "pending",
  "originalSize": 3,
  "newSize": 3,
  "originalContent": "old",
  "newContent": "new"
}