{
  "sessionId": "audit_1766613761925_nrxuqmc",
  "startTime": "2025-12-24T22:02:41.925Z",
  "endTime": "2025-12-24T22:02:50.480Z",
  "duration": "8.55s",
  "summary": {
    "totalChecks": 0,
    "totalIssues": 1,
    "totalOperations": 1,
    "blockedWrites": 0
  },
  "checks": [],
  "issues": [
    {
      "timestamp": "2025-12-24T22:02:50.476Z",
      "type": "OBJECTIVE_ERROR",
      "description": "navigationController.getCurrentUrl is not a function",
      "severity": "high",
      "error": "TypeError: navigationController.getCurrentUrl is not a function\n    at executeObjective (file:///C:/program-loader-seed/scripts/execute-objective.js:50:49)\n    at process.processTicksAndRejections (node:internal/process/task_queues:105:5)"
    }
  ],
  "auditLog": [
    {
      "timestamp": "2025-12-24T22:02:50.476Z",
      "sessionId": "audit_1766613761925_nrxuqmc",
      "action": "ISSUE_FOUND",
      "type": "OBJECTIVE_ERROR",
      "description": "navigationController.getCurrentUrl is not a function",
      "severity": "high",
      "error": "TypeError: navigationController.getCurrentUrl is not a function\n    at executeObjective (file:///C:/program-loader-seed/scripts/execute-objective.js:50:49)\n    at process.processTicksAndRejections (node:internal/process/task_queues:105:5)"
    }
  ],
  "attemptedWrites": []
}