{
  "id": "women-solo",
  "name": "Women (Solo)",
  "slug": "women-solo",
  "anchor_type": "anchor",
  "domain_slug": "self-worth-and-identity",
  "where_it_came_from": {
    "origin": "internal",
    "basis": "built for Ride Your Demons platform",
    "source_type": "system-utility",
    "verified": true
  },
  "disclaimer": "Tactical framework for Women (Solo). No clinical fluff. Mental mechanics only. This is here if you want it. Use what helps. Ignore what doesn't.",
  "top_searched_mechanic": "Targeting high-volume pain points identified in 2025 behavioral data.",
  "tools": [],
  "createdAt": "2026-02-07T02:49:26.666Z",
  "updatedAt": "2026-02-07T02:49:26.666Z"
}
