{
  "timestamp": "2026-02-09T19:51:23.115Z",
  "checklist": {
    "leakFreeMemory": {
      "status": "✅ PASSED",
      "estimatedLeak": "2.00",
      "target": 11,
      "fixes": [
        "Replace string caching with pointer references in catch-all node"
      ]
    },
    "floatingPointStability": {
      "status": "✅ CONFIRMED",
      "maxDrift": 0.0044773443651646705,
      "fixedPointStable": true
    },
    "blackSwanResilience": {
      "status": "✅ VALIDATED",
      "tests": 10,
      "passed": 10,
      "isolationRate": 30
    },
    "latencyConsistency": {
      "status": "❌ FAILED",
      "increase": "8103.77",
      "target": "<1%"
    }
  },
  "overall": {
    "flawless": false,
    "status": "NEEDS REFINEMENT"
  }
}