{
  "timestamp": "2026-02-09T19:35:03.599Z",
  "aortaAttack": {
    "before": {
      "recoveryTime": 150.84,
      "alternativeRoutes": 0,
      "status": "❌ FAILED"
    },
    "after": {
      "recoveryTime": 2.3930000000000007,
      "status": "✅ PASSED"
    },
    "improvement": {
      "timeReduction": "98.4%",
      "timeDelta": "148.45ms faster"
    }
  },
  "tsunami": {
    "before": {
      "peakRAM": 57,
      "status": "❌ FAILED"
    },
    "after": {
      "peakRAM": 56,
      "status": "❌ FAILED"
    },
    "improvement": {
      "ramReduction": "1.0 MB",
      "percentageReduction": "1.8%"
    }
  },
  "singularity": {
    "before": {
      "converged": false,
      "iterations": 0,
      "status": "⚠️  NOT TESTED"
    },
    "after": {
      "converged": true,
      "iterations": 1,
      "status": "✅ PASSED"
    },
    "improvement": {
      "tested": true,
      "converged": true
    }
  },
  "overall": {
    "allTestsPassed": false,
    "status": "VULNERABILITIES REMAIN"
  }
}