{
  "anchor": "fathers-sons",
  "status": "GOLD_STANDARD",
  "disclaimer": "Tactical framework for fathers sons. No clinical fluff. Mental mechanics only. This is here if you want it. Use what helps. Ignore what doesn't.",
  "search_intent": "generational rage, discipline legacy, emotional distance",
  "pain_points": [
    {
      "id": "pp-fathers-sons-01",
      "search_query": "generational rage acute management",
      "anchor_id": "fathers-sons",
      "tools": [
        "gap-3s",
        "vagus-90",
        "signal-filt"
      ],
      "status": "GOLD_STANDARD"
    },
    {
      "id": "pp-fathers-sons-02",
      "search_query": "generational rage acute management",
      "anchor_id": "fathers-sons",
      "tools": [
        "vagus-90",
        "signal-filt",
        "dopamine-kill"
      ],
      "status": "GOLD_STANDARD"
    },
    {
      "id": "pp-fathers-sons-03",
      "search_query": "generational rage acute management",
      "anchor_id": "fathers-sons",
      "tools": [
        "signal-filt",
        "dopamine-kill",
        "proprio-lock"
      ],
      "status": "GOLD_STANDARD"
    },
    {
      "id": "pp-fathers-sons-04",
      "search_query": "generational rage acute management",
      "anchor_id": "fathers-sons",
      "tools": [
        "dopamine-kill",
        "proprio-lock",
        "thermal-shed"
      ],
      "status": "GOLD_STANDARD"
    },
    {
      "id": "pp-fathers-sons-05",
      "search_query": "generational rage acute management",
      "anchor_id": "fathers-sons",
      "tools": [
        "proprio-lock",
        "thermal-shed",
        "cognitive-tunnel"
      ],
      "status": "GOLD_STANDARD"
    },
    {
      "id": "pp-fathers-sons-06",
      "search_query": "generational rage acute management",
      "anchor_id": "fathers-sons",
      "tools": [
        "thermal-shed",
        "cognitive-tunnel",
        "bandwidth-triage"
      ],
      "status": "GOLD_STANDARD"
    },
    {
      "id": "pp-fathers-sons-07",
      "search_query": "generational rage acute management",
      "anchor_id": "fathers-sons",
      "tools": [
        "cognitive-tunnel",
        "bandwidth-triage",
        "anchor-protocol"
      ],
      "status": "GOLD_STANDARD"
    },
    {
      "id": "pp-fathers-sons-08",
      "search_query": "generational rage acute management",
      "anchor_id": "fathers-sons",
      "tools": [
        "bandwidth-triage",
        "anchor-protocol",
        "memory-reframe"
      ],
      "status": "GOLD_STANDARD"
    },
    {
      "id": "pp-fathers-sons-09",
      "search_query": "generational rage acute management",
      "anchor_id": "fathers-sons",
      "tools": [
        "anchor-protocol",
        "memory-reframe",
        "ego-deescalate"
      ],
      "status": "GOLD_STANDARD"
    },
    {
      "id": "pp-fathers-sons-10",
      "search_query": "generational rage acute management",
      "anchor_id": "fathers-sons",
      "tools": [
        "memory-reframe",
        "ego-deescalate",
        "verbal-judo"
      ],
      "status": "GOLD_STANDARD"
    },
    {
      "id": "pp-fathers-sons-11",
      "search_query": "generational rage chronic management",
      "anchor_id": "fathers-sons",
      "tools": [
        "ego-deescalate",
        "verbal-judo",
        "boundary-fort"
      ],
      "status": "GOLD_STANDARD"
    },
    {
      "id": "pp-fathers-sons-12",
      "search_query": "generational rage chronic management",
      "anchor_id": "fathers-sons",
      "tools": [
        "verbal-judo",
        "boundary-fort",
        "adrenaline-channel"
      ],
      "status": "GOLD_STANDARD"
    },
    {
      "id": "pp-fathers-sons-13",
      "search_query": "generational rage chronic management",
      "anchor_id": "fathers-sons",
      "tools": [
        "boundary-fort",
        "adrenaline-channel",
        "horizon-focus"
      ],
      "status": "GOLD_STANDARD"
    },
    {
      "id": "pp-fathers-sons-14",
      "search_query": "generational rage chronic management",
      "anchor_id": "fathers-sons",
      "tools": [
        "adrenaline-channel",
        "horizon-focus",
        "gap-3s"
      ],
      "status": "GOLD_STANDARD"
    },
    {
      "id": "pp-fathers-sons-15",
      "search_query": "generational rage chronic management",
      "anchor_id": "fathers-sons",
      "tools": [
        "horizon-focus",
        "gap-3s",
        "vagus-90"
      ],
      "status": "GOLD_STANDARD"
    },
    {
      "id": "pp-fathers-sons-16",
      "search_query": "generational rage chronic management",
      "anchor_id": "fathers-sons",
      "tools": [
        "gap-3s",
        "vagus-90",
        "signal-filt"
      ],
      "status": "GOLD_STANDARD"
    },
    {
      "id": "pp-fathers-sons-17",
      "search_query": "generational rage chronic management",
      "anchor_id": "fathers-sons",
      "tools": [
        "vagus-90",
        "signal-filt",
        "dopamine-kill"
      ],
      "status": "GOLD_STANDARD"
    },
    {
      "id": "pp-fathers-sons-18",
      "search_query": "generational rage chronic management",
      "anchor_id": "fathers-sons",
      "tools": [
        "signal-filt",
        "dopamine-kill",
        "proprio-lock"
      ],
      "status": "GOLD_STANDARD"
    },
    {
      "id": "pp-fathers-sons-19",
      "search_query": "generational rage chronic management",
      "anchor_id": "fathers-sons",
      "tools": [
        "dopamine-kill",
        "proprio-lock",
        "thermal-shed"
      ],
      "status": "GOLD_STANDARD"
    },
    {
      "id": "pp-fathers-sons-20",
      "search_query": "generational rage chronic management",
      "anchor_id": "fathers-sons",
      "tools": [
        "proprio-lock",
        "thermal-shed",
        "cognitive-tunnel"
      ],
      "status": "GOLD_STANDARD"
    },
    {
      "id": "pp-fathers-sons-21",
      "search_query": "generational rage severe management",
      "anchor_id": "fathers-sons",
      "tools": [
        "thermal-shed",
        "cognitive-tunnel",
        "bandwidth-triage"
      ],
      "status": "GOLD_STANDARD"
    },
    {
      "id": "pp-fathers-sons-22",
      "search_query": "generational rage severe management",
      "anchor_id": "fathers-sons",
      "tools": [
        "cognitive-tunnel",
        "bandwidth-triage",
        "anchor-protocol"
      ],
      "status": "GOLD_STANDARD"
    },
    {
      "id": "pp-fathers-sons-23",
      "search_query": "generational rage severe management",
      "anchor_id": "fathers-sons",
      "tools": [
        "bandwidth-triage",
        "anchor-protocol",
        "memory-reframe"
      ],
      "status": "GOLD_STANDARD"
    },
    {
      "id": "pp-fathers-sons-24",
      "search_query": "generational rage severe management",
      "anchor_id": "fathers-sons",
      "tools": [
        "anchor-protocol",
        "memory-reframe",
        "ego-deescalate"
      ],
      "status": "GOLD_STANDARD"
    },
    {
      "id": "pp-fathers-sons-25",
      "search_query": "generational rage severe management",
      "anchor_id": "fathers-sons",
      "tools": [
        "memory-reframe",
        "ego-deescalate",
        "verbal-judo"
      ],
      "status": "GOLD_STANDARD"
    },
    {
      "id": "pp-fathers-sons-26",
      "search_query": "generational rage severe management",
      "anchor_id": "fathers-sons",
      "tools": [
        "ego-deescalate",
        "verbal-judo",
        "boundary-fort"
      ],
      "status": "GOLD_STANDARD"
    },
    {
      "id": "pp-fathers-sons-27",
      "search_query": "generational rage severe management",
      "anchor_id": "fathers-sons",
      "tools": [
        "verbal-judo",
        "boundary-fort",
        "adrenaline-channel"
      ],
      "status": "GOLD_STANDARD"
    },
    {
      "id": "pp-fathers-sons-28",
      "search_query": "generational rage severe management",
      "anchor_id": "fathers-sons",
      "tools": [
        "boundary-fort",
        "adrenaline-channel",
        "horizon-focus"
      ],
      "status": "GOLD_STANDARD"
    },
    {
      "id": "pp-fathers-sons-29",
      "search_query": "generational rage severe management",
      "anchor_id": "fathers-sons",
      "tools": [
        "adrenaline-channel",
        "horizon-focus",
        "gap-3s"
      ],
      "status": "GOLD_STANDARD"
    },
    {
      "id": "pp-fathers-sons-30",
      "search_query": "generational rage severe management",
      "anchor_id": "fathers-sons",
      "tools": [
        "horizon-focus",
        "gap-3s",
        "vagus-90"
      ],
      "status": "GOLD_STANDARD"
    },
    {
      "id": "pp-fathers-sons-31",
      "search_query": "generational rage recovery management",
      "anchor_id": "fathers-sons",
      "tools": [
        "gap-3s",
        "vagus-90",
        "signal-filt"
      ],
      "status": "GOLD_STANDARD"
    },
    {
      "id": "pp-fathers-sons-32",
      "search_query": "generational rage recovery management",
      "anchor_id": "fathers-sons",
      "tools": [
        "vagus-90",
        "signal-filt",
        "dopamine-kill"
      ],
      "status": "GOLD_STANDARD"
    },
    {
      "id": "pp-fathers-sons-33",
      "search_query": "generational rage recovery management",
      "anchor_id": "fathers-sons",
      "tools": [
        "signal-filt",
        "dopamine-kill",
        "proprio-lock"
      ],
      "status": "GOLD_STANDARD"
    },
    {
      "id": "pp-fathers-sons-34",
      "search_query": "generational rage recovery management",
      "anchor_id": "fathers-sons",
      "tools": [
        "dopamine-kill",
        "proprio-lock",
        "thermal-shed"
      ],
      "status": "GOLD_STANDARD"
    },
    {
      "id": "pp-fathers-sons-35",
      "search_query": "generational rage recovery management",
      "anchor_id": "fathers-sons",
      "tools": [
        "proprio-lock",
        "thermal-shed",
        "cognitive-tunnel"
      ],
      "status": "GOLD_STANDARD"
    },
    {
      "id": "pp-fathers-sons-36",
      "search_query": "generational rage recovery management",
      "anchor_id": "fathers-sons",
      "tools": [
        "thermal-shed",
        "cognitive-tunnel",
        "bandwidth-triage"
      ],
      "status": "GOLD_STANDARD"
    },
    {
      "id": "pp-fathers-sons-37",
      "search_query": "generational rage recovery management",
      "anchor_id": "fathers-sons",
      "tools": [
        "cognitive-tunnel",
        "bandwidth-triage",
        "anchor-protocol"
      ],
      "status": "GOLD_STANDARD"
    },
    {
      "id": "pp-fathers-sons-38",
      "search_query": "generational rage recovery management",
      "anchor_id": "fathers-sons",
      "tools": [
        "bandwidth-triage",
        "anchor-protocol",
        "memory-reframe"
      ],
      "status": "GOLD_STANDARD"
    },
    {
      "id": "pp-fathers-sons-39",
      "search_query": "generational rage recovery management",
      "anchor_id": "fathers-sons",
      "tools": [
        "anchor-protocol",
        "memory-reframe",
        "ego-deescalate"
      ],
      "status": "GOLD_STANDARD"
    },
    {
      "id": "pp-fathers-sons-40",
      "search_query": "generational rage recovery management",
      "anchor_id": "fathers-sons",
      "tools": [
        "memory-reframe",
        "ego-deescalate",
        "verbal-judo"
      ],
      "status": "GOLD_STANDARD"
    }
  ],
  "createdAt": "2026-02-07T03:03:36.351Z",
  "updatedAt": "2026-02-07T03:03:36.353Z"
}
