{
  "timestamp": "2025-12-24T21:26:38.517Z",
  "staticAnalysis": {
    "filesChecked": 10,
    "errors": 0,
    "warnings": 0
  },
  "runtimeAnalysis": {
    "exitCode": 0,
    "stdoutLines": 16,
    "stderrLines": 1,
    "errors": [],
    "detectedIssues": [
      {
        "type": "warning",
        "severity": "warning",
        "message": "Warnings detected in output"
      }
    ],
    "output": "[INFO] 2025-12-24T21:26:38.621Z - Booting Program Loader (Environment: local)\n[INFO] 2025-12-24T21:26:38.629Z - Loading 2 program(s)\n[INFO] 2025-12-24T21:26:38.632Z - Successfully loaded program: example-program\n[INFO] 2025-12-24T21:26:38.806Z - Successfully loaded program: website-monitor\n[INFO] 2025-12-24T21:26:38.806Z - Loaded 2 program(s) successfully\n[INFO] 2025-12-24T21:26:38.807Z - Starting 2 program(s)\n[INFO] 2025-12-24T21:26:38.807Z - Starting program: example-program\nExample program loaded and running.\n[INFO] 2025-12-24T21:26:38.808Z - Starting program: website-monitor\n[INFO] 2025-12-24T21:26:38.810Z - Program website-monitor started successfully\nExample program initialization complete.\n[INFO] 2025-12-24T21:26:38.921Z - Program example-program started successfully\n[INFO] 2025-12-24T21:26:38.922Z - Boot completed. Uptime: 301ms\n[INFO] 2025-12-24T21:26:38.922Z - Health Status: HEALTHY\n[INFO] 2025-12-24T21:26:38.922Z - Uptime: 0.30s\n[INFO] 2025-12-24T21:26:38.923Z - Programs: 2/2 running\n",
    "stderr": "[WARN] 2025-12-24T21:26:38.809Z - Website monitor started but no URL configured. Set WEBSITE_URL or configure in app.config.json\n"
  },
  "dependencies": {
    "total": 2,
    "installed": 2,
    "missing": 0,
    "missingList": []
  },
  "configuration": {
    "filesChecked": 2,
    "issues": []
  },
  "recommendations": [
    {
      "priority": "medium",
      "action": "Configure WEBSITE_URL environment variable or set website.url in app.config.json"
    },
    {
      "priority": "medium",
      "action": "Configure WEBSITE_URL environment variable or set website.url in app.config.json"
    }
  ],
  "summary": {
    "totalErrors": 0,
    "totalWarnings": 2,
    "status": "WARNINGS"
  },
  "errors": [],
  "warnings": [
    {
      "type": "configuration",
      "message": "Website URL not configured in app.config.json"
    },
    {
      "type": "warning",
      "severity": "warning",
      "message": "Warnings detected in output"
    }
  ]
}