{
  "timestamp": "2026-02-09T19:30:14.466Z",
  "hardening": {
    "routeDiscovery": {
      "implemented": true,
      "recoveryTime": 2.241499999999995,
      "targetTime": 50,
      "success": true
    },
    "eventBatching": {
      "implemented": true,
      "peakMemory": 55,
      "maxMemory": 50,
      "withinLimit": false,
      "eventsProcessed": 162004
    },
    "convergence": {
      "tested": true,
      "converged": true,
      "iterations": 1,
      "normalizationWorking": true
    }
  },
  "status": "HARDENED"
}