{
  "anchor": "the-matriarch",
  "status": "GOLD_STANDARD",
  "disclaimer": "Tactical framework for the matriarch. No clinical fluff. Mental mechanics only. This is here if you want it. Use what helps. Ignore what doesn't.",
  "search_intent": "caregiver burnout, household infrastructure, stability",
  "pain_points": [
    {
      "id": "pp-the-matriarch-01",
      "search_query": "caregiver burnout acute management",
      "anchor_id": "the-matriarch",
      "tools": [
        "gap-3s",
        "vagus-90",
        "signal-filt"
      ],
      "status": "GOLD_STANDARD"
    },
    {
      "id": "pp-the-matriarch-02",
      "search_query": "caregiver burnout acute management",
      "anchor_id": "the-matriarch",
      "tools": [
        "vagus-90",
        "signal-filt",
        "dopamine-kill"
      ],
      "status": "GOLD_STANDARD"
    },
    {
      "id": "pp-the-matriarch-03",
      "search_query": "caregiver burnout acute management",
      "anchor_id": "the-matriarch",
      "tools": [
        "signal-filt",
        "dopamine-kill",
        "proprio-lock"
      ],
      "status": "GOLD_STANDARD"
    },
    {
      "id": "pp-the-matriarch-04",
      "search_query": "caregiver burnout acute management",
      "anchor_id": "the-matriarch",
      "tools": [
        "dopamine-kill",
        "proprio-lock",
        "thermal-shed"
      ],
      "status": "GOLD_STANDARD"
    },
    {
      "id": "pp-the-matriarch-05",
      "search_query": "caregiver burnout acute management",
      "anchor_id": "the-matriarch",
      "tools": [
        "proprio-lock",
        "thermal-shed",
        "cognitive-tunnel"
      ],
      "status": "GOLD_STANDARD"
    },
    {
      "id": "pp-the-matriarch-06",
      "search_query": "caregiver burnout acute management",
      "anchor_id": "the-matriarch",
      "tools": [
        "thermal-shed",
        "cognitive-tunnel",
        "bandwidth-triage"
      ],
      "status": "GOLD_STANDARD"
    },
    {
      "id": "pp-the-matriarch-07",
      "search_query": "caregiver burnout acute management",
      "anchor_id": "the-matriarch",
      "tools": [
        "cognitive-tunnel",
        "bandwidth-triage",
        "anchor-protocol"
      ],
      "status": "GOLD_STANDARD"
    },
    {
      "id": "pp-the-matriarch-08",
      "search_query": "caregiver burnout acute management",
      "anchor_id": "the-matriarch",
      "tools": [
        "bandwidth-triage",
        "anchor-protocol",
        "memory-reframe"
      ],
      "status": "GOLD_STANDARD"
    },
    {
      "id": "pp-the-matriarch-09",
      "search_query": "caregiver burnout acute management",
      "anchor_id": "the-matriarch",
      "tools": [
        "anchor-protocol",
        "memory-reframe",
        "ego-deescalate"
      ],
      "status": "GOLD_STANDARD"
    },
    {
      "id": "pp-the-matriarch-10",
      "search_query": "caregiver burnout acute management",
      "anchor_id": "the-matriarch",
      "tools": [
        "memory-reframe",
        "ego-deescalate",
        "verbal-judo"
      ],
      "status": "GOLD_STANDARD"
    },
    {
      "id": "pp-the-matriarch-11",
      "search_query": "caregiver burnout chronic management",
      "anchor_id": "the-matriarch",
      "tools": [
        "ego-deescalate",
        "verbal-judo",
        "boundary-fort"
      ],
      "status": "GOLD_STANDARD"
    },
    {
      "id": "pp-the-matriarch-12",
      "search_query": "caregiver burnout chronic management",
      "anchor_id": "the-matriarch",
      "tools": [
        "verbal-judo",
        "boundary-fort",
        "adrenaline-channel"
      ],
      "status": "GOLD_STANDARD"
    },
    {
      "id": "pp-the-matriarch-13",
      "search_query": "caregiver burnout chronic management",
      "anchor_id": "the-matriarch",
      "tools": [
        "boundary-fort",
        "adrenaline-channel",
        "horizon-focus"
      ],
      "status": "GOLD_STANDARD"
    },
    {
      "id": "pp-the-matriarch-14",
      "search_query": "caregiver burnout chronic management",
      "anchor_id": "the-matriarch",
      "tools": [
        "adrenaline-channel",
        "horizon-focus",
        "gap-3s"
      ],
      "status": "GOLD_STANDARD"
    },
    {
      "id": "pp-the-matriarch-15",
      "search_query": "caregiver burnout chronic management",
      "anchor_id": "the-matriarch",
      "tools": [
        "horizon-focus",
        "gap-3s",
        "vagus-90"
      ],
      "status": "GOLD_STANDARD"
    },
    {
      "id": "pp-the-matriarch-16",
      "search_query": "caregiver burnout chronic management",
      "anchor_id": "the-matriarch",
      "tools": [
        "gap-3s",
        "vagus-90",
        "signal-filt"
      ],
      "status": "GOLD_STANDARD"
    },
    {
      "id": "pp-the-matriarch-17",
      "search_query": "caregiver burnout chronic management",
      "anchor_id": "the-matriarch",
      "tools": [
        "vagus-90",
        "signal-filt",
        "dopamine-kill"
      ],
      "status": "GOLD_STANDARD"
    },
    {
      "id": "pp-the-matriarch-18",
      "search_query": "caregiver burnout chronic management",
      "anchor_id": "the-matriarch",
      "tools": [
        "signal-filt",
        "dopamine-kill",
        "proprio-lock"
      ],
      "status": "GOLD_STANDARD"
    },
    {
      "id": "pp-the-matriarch-19",
      "search_query": "caregiver burnout chronic management",
      "anchor_id": "the-matriarch",
      "tools": [
        "dopamine-kill",
        "proprio-lock",
        "thermal-shed"
      ],
      "status": "GOLD_STANDARD"
    },
    {
      "id": "pp-the-matriarch-20",
      "search_query": "caregiver burnout chronic management",
      "anchor_id": "the-matriarch",
      "tools": [
        "proprio-lock",
        "thermal-shed",
        "cognitive-tunnel"
      ],
      "status": "GOLD_STANDARD"
    },
    {
      "id": "pp-the-matriarch-21",
      "search_query": "caregiver burnout severe management",
      "anchor_id": "the-matriarch",
      "tools": [
        "thermal-shed",
        "cognitive-tunnel",
        "bandwidth-triage"
      ],
      "status": "GOLD_STANDARD"
    },
    {
      "id": "pp-the-matriarch-22",
      "search_query": "caregiver burnout severe management",
      "anchor_id": "the-matriarch",
      "tools": [
        "cognitive-tunnel",
        "bandwidth-triage",
        "anchor-protocol"
      ],
      "status": "GOLD_STANDARD"
    },
    {
      "id": "pp-the-matriarch-23",
      "search_query": "caregiver burnout severe management",
      "anchor_id": "the-matriarch",
      "tools": [
        "bandwidth-triage",
        "anchor-protocol",
        "memory-reframe"
      ],
      "status": "GOLD_STANDARD"
    },
    {
      "id": "pp-the-matriarch-24",
      "search_query": "caregiver burnout severe management",
      "anchor_id": "the-matriarch",
      "tools": [
        "anchor-protocol",
        "memory-reframe",
        "ego-deescalate"
      ],
      "status": "GOLD_STANDARD"
    },
    {
      "id": "pp-the-matriarch-25",
      "search_query": "caregiver burnout severe management",
      "anchor_id": "the-matriarch",
      "tools": [
        "memory-reframe",
        "ego-deescalate",
        "verbal-judo"
      ],
      "status": "GOLD_STANDARD"
    },
    {
      "id": "pp-the-matriarch-26",
      "search_query": "caregiver burnout severe management",
      "anchor_id": "the-matriarch",
      "tools": [
        "ego-deescalate",
        "verbal-judo",
        "boundary-fort"
      ],
      "status": "GOLD_STANDARD"
    },
    {
      "id": "pp-the-matriarch-27",
      "search_query": "caregiver burnout severe management",
      "anchor_id": "the-matriarch",
      "tools": [
        "verbal-judo",
        "boundary-fort",
        "adrenaline-channel"
      ],
      "status": "GOLD_STANDARD"
    },
    {
      "id": "pp-the-matriarch-28",
      "search_query": "caregiver burnout severe management",
      "anchor_id": "the-matriarch",
      "tools": [
        "boundary-fort",
        "adrenaline-channel",
        "horizon-focus"
      ],
      "status": "GOLD_STANDARD"
    },
    {
      "id": "pp-the-matriarch-29",
      "search_query": "caregiver burnout severe management",
      "anchor_id": "the-matriarch",
      "tools": [
        "adrenaline-channel",
        "horizon-focus",
        "gap-3s"
      ],
      "status": "GOLD_STANDARD"
    },
    {
      "id": "pp-the-matriarch-30",
      "search_query": "caregiver burnout severe management",
      "anchor_id": "the-matriarch",
      "tools": [
        "horizon-focus",
        "gap-3s",
        "vagus-90"
      ],
      "status": "GOLD_STANDARD"
    },
    {
      "id": "pp-the-matriarch-31",
      "search_query": "caregiver burnout recovery management",
      "anchor_id": "the-matriarch",
      "tools": [
        "gap-3s",
        "vagus-90",
        "signal-filt"
      ],
      "status": "GOLD_STANDARD"
    },
    {
      "id": "pp-the-matriarch-32",
      "search_query": "caregiver burnout recovery management",
      "anchor_id": "the-matriarch",
      "tools": [
        "vagus-90",
        "signal-filt",
        "dopamine-kill"
      ],
      "status": "GOLD_STANDARD"
    },
    {
      "id": "pp-the-matriarch-33",
      "search_query": "caregiver burnout recovery management",
      "anchor_id": "the-matriarch",
      "tools": [
        "signal-filt",
        "dopamine-kill",
        "proprio-lock"
      ],
      "status": "GOLD_STANDARD"
    },
    {
      "id": "pp-the-matriarch-34",
      "search_query": "caregiver burnout recovery management",
      "anchor_id": "the-matriarch",
      "tools": [
        "dopamine-kill",
        "proprio-lock",
        "thermal-shed"
      ],
      "status": "GOLD_STANDARD"
    },
    {
      "id": "pp-the-matriarch-35",
      "search_query": "caregiver burnout recovery management",
      "anchor_id": "the-matriarch",
      "tools": [
        "proprio-lock",
        "thermal-shed",
        "cognitive-tunnel"
      ],
      "status": "GOLD_STANDARD"
    },
    {
      "id": "pp-the-matriarch-36",
      "search_query": "caregiver burnout recovery management",
      "anchor_id": "the-matriarch",
      "tools": [
        "thermal-shed",
        "cognitive-tunnel",
        "bandwidth-triage"
      ],
      "status": "GOLD_STANDARD"
    },
    {
      "id": "pp-the-matriarch-37",
      "search_query": "caregiver burnout recovery management",
      "anchor_id": "the-matriarch",
      "tools": [
        "cognitive-tunnel",
        "bandwidth-triage",
        "anchor-protocol"
      ],
      "status": "GOLD_STANDARD"
    },
    {
      "id": "pp-the-matriarch-38",
      "search_query": "caregiver burnout recovery management",
      "anchor_id": "the-matriarch",
      "tools": [
        "bandwidth-triage",
        "anchor-protocol",
        "memory-reframe"
      ],
      "status": "GOLD_STANDARD"
    },
    {
      "id": "pp-the-matriarch-39",
      "search_query": "caregiver burnout recovery management",
      "anchor_id": "the-matriarch",
      "tools": [
        "anchor-protocol",
        "memory-reframe",
        "ego-deescalate"
      ],
      "status": "GOLD_STANDARD"
    },
    {
      "id": "pp-the-matriarch-40",
      "search_query": "caregiver burnout recovery management",
      "anchor_id": "the-matriarch",
      "tools": [
        "memory-reframe",
        "ego-deescalate",
        "verbal-judo"
      ],
      "status": "GOLD_STANDARD"
    }
  ],
  "createdAt": "2026-02-07T03:03:36.364Z",
  "updatedAt": "2026-02-07T03:03:36.364Z"
}
