{
  "anchor": "women-solo",
  "status": "GOLD_STANDARD",
  "disclaimer": "Tactical framework for women solo. No clinical fluff. Mental mechanics only. This is here if you want it. Use what helps. Ignore what doesn't.",
  "search_intent": "boundary mastery, internal regulation, solo-mission focus",
  "pain_points": [
    {
      "id": "pp-women-solo-01",
      "search_query": "boundary mastery acute management",
      "anchor_id": "women-solo",
      "tools": [
        "gap-3s",
        "vagus-90",
        "signal-filt"
      ],
      "status": "GOLD_STANDARD"
    },
    {
      "id": "pp-women-solo-02",
      "search_query": "boundary mastery acute management",
      "anchor_id": "women-solo",
      "tools": [
        "vagus-90",
        "signal-filt",
        "dopamine-kill"
      ],
      "status": "GOLD_STANDARD"
    },
    {
      "id": "pp-women-solo-03",
      "search_query": "boundary mastery acute management",
      "anchor_id": "women-solo",
      "tools": [
        "signal-filt",
        "dopamine-kill",
        "proprio-lock"
      ],
      "status": "GOLD_STANDARD"
    },
    {
      "id": "pp-women-solo-04",
      "search_query": "boundary mastery acute management",
      "anchor_id": "women-solo",
      "tools": [
        "dopamine-kill",
        "proprio-lock",
        "thermal-shed"
      ],
      "status": "GOLD_STANDARD"
    },
    {
      "id": "pp-women-solo-05",
      "search_query": "boundary mastery acute management",
      "anchor_id": "women-solo",
      "tools": [
        "proprio-lock",
        "thermal-shed",
        "cognitive-tunnel"
      ],
      "status": "GOLD_STANDARD"
    },
    {
      "id": "pp-women-solo-06",
      "search_query": "boundary mastery acute management",
      "anchor_id": "women-solo",
      "tools": [
        "thermal-shed",
        "cognitive-tunnel",
        "bandwidth-triage"
      ],
      "status": "GOLD_STANDARD"
    },
    {
      "id": "pp-women-solo-07",
      "search_query": "boundary mastery acute management",
      "anchor_id": "women-solo",
      "tools": [
        "cognitive-tunnel",
        "bandwidth-triage",
        "anchor-protocol"
      ],
      "status": "GOLD_STANDARD"
    },
    {
      "id": "pp-women-solo-08",
      "search_query": "boundary mastery acute management",
      "anchor_id": "women-solo",
      "tools": [
        "bandwidth-triage",
        "anchor-protocol",
        "memory-reframe"
      ],
      "status": "GOLD_STANDARD"
    },
    {
      "id": "pp-women-solo-09",
      "search_query": "boundary mastery acute management",
      "anchor_id": "women-solo",
      "tools": [
        "anchor-protocol",
        "memory-reframe",
        "ego-deescalate"
      ],
      "status": "GOLD_STANDARD"
    },
    {
      "id": "pp-women-solo-10",
      "search_query": "boundary mastery acute management",
      "anchor_id": "women-solo",
      "tools": [
        "memory-reframe",
        "ego-deescalate",
        "verbal-judo"
      ],
      "status": "GOLD_STANDARD"
    },
    {
      "id": "pp-women-solo-11",
      "search_query": "boundary mastery chronic management",
      "anchor_id": "women-solo",
      "tools": [
        "ego-deescalate",
        "verbal-judo",
        "boundary-fort"
      ],
      "status": "GOLD_STANDARD"
    },
    {
      "id": "pp-women-solo-12",
      "search_query": "boundary mastery chronic management",
      "anchor_id": "women-solo",
      "tools": [
        "verbal-judo",
        "boundary-fort",
        "adrenaline-channel"
      ],
      "status": "GOLD_STANDARD"
    },
    {
      "id": "pp-women-solo-13",
      "search_query": "boundary mastery chronic management",
      "anchor_id": "women-solo",
      "tools": [
        "boundary-fort",
        "adrenaline-channel",
        "horizon-focus"
      ],
      "status": "GOLD_STANDARD"
    },
    {
      "id": "pp-women-solo-14",
      "search_query": "boundary mastery chronic management",
      "anchor_id": "women-solo",
      "tools": [
        "adrenaline-channel",
        "horizon-focus",
        "gap-3s"
      ],
      "status": "GOLD_STANDARD"
    },
    {
      "id": "pp-women-solo-15",
      "search_query": "boundary mastery chronic management",
      "anchor_id": "women-solo",
      "tools": [
        "horizon-focus",
        "gap-3s",
        "vagus-90"
      ],
      "status": "GOLD_STANDARD"
    },
    {
      "id": "pp-women-solo-16",
      "search_query": "boundary mastery chronic management",
      "anchor_id": "women-solo",
      "tools": [
        "gap-3s",
        "vagus-90",
        "signal-filt"
      ],
      "status": "GOLD_STANDARD"
    },
    {
      "id": "pp-women-solo-17",
      "search_query": "boundary mastery chronic management",
      "anchor_id": "women-solo",
      "tools": [
        "vagus-90",
        "signal-filt",
        "dopamine-kill"
      ],
      "status": "GOLD_STANDARD"
    },
    {
      "id": "pp-women-solo-18",
      "search_query": "boundary mastery chronic management",
      "anchor_id": "women-solo",
      "tools": [
        "signal-filt",
        "dopamine-kill",
        "proprio-lock"
      ],
      "status": "GOLD_STANDARD"
    },
    {
      "id": "pp-women-solo-19",
      "search_query": "boundary mastery chronic management",
      "anchor_id": "women-solo",
      "tools": [
        "dopamine-kill",
        "proprio-lock",
        "thermal-shed"
      ],
      "status": "GOLD_STANDARD"
    },
    {
      "id": "pp-women-solo-20",
      "search_query": "boundary mastery chronic management",
      "anchor_id": "women-solo",
      "tools": [
        "proprio-lock",
        "thermal-shed",
        "cognitive-tunnel"
      ],
      "status": "GOLD_STANDARD"
    },
    {
      "id": "pp-women-solo-21",
      "search_query": "boundary mastery severe management",
      "anchor_id": "women-solo",
      "tools": [
        "thermal-shed",
        "cognitive-tunnel",
        "bandwidth-triage"
      ],
      "status": "GOLD_STANDARD"
    },
    {
      "id": "pp-women-solo-22",
      "search_query": "boundary mastery severe management",
      "anchor_id": "women-solo",
      "tools": [
        "cognitive-tunnel",
        "bandwidth-triage",
        "anchor-protocol"
      ],
      "status": "GOLD_STANDARD"
    },
    {
      "id": "pp-women-solo-23",
      "search_query": "boundary mastery severe management",
      "anchor_id": "women-solo",
      "tools": [
        "bandwidth-triage",
        "anchor-protocol",
        "memory-reframe"
      ],
      "status": "GOLD_STANDARD"
    },
    {
      "id": "pp-women-solo-24",
      "search_query": "boundary mastery severe management",
      "anchor_id": "women-solo",
      "tools": [
        "anchor-protocol",
        "memory-reframe",
        "ego-deescalate"
      ],
      "status": "GOLD_STANDARD"
    },
    {
      "id": "pp-women-solo-25",
      "search_query": "boundary mastery severe management",
      "anchor_id": "women-solo",
      "tools": [
        "memory-reframe",
        "ego-deescalate",
        "verbal-judo"
      ],
      "status": "GOLD_STANDARD"
    },
    {
      "id": "pp-women-solo-26",
      "search_query": "boundary mastery severe management",
      "anchor_id": "women-solo",
      "tools": [
        "ego-deescalate",
        "verbal-judo",
        "boundary-fort"
      ],
      "status": "GOLD_STANDARD"
    },
    {
      "id": "pp-women-solo-27",
      "search_query": "boundary mastery severe management",
      "anchor_id": "women-solo",
      "tools": [
        "verbal-judo",
        "boundary-fort",
        "adrenaline-channel"
      ],
      "status": "GOLD_STANDARD"
    },
    {
      "id": "pp-women-solo-28",
      "search_query": "boundary mastery severe management",
      "anchor_id": "women-solo",
      "tools": [
        "boundary-fort",
        "adrenaline-channel",
        "horizon-focus"
      ],
      "status": "GOLD_STANDARD"
    },
    {
      "id": "pp-women-solo-29",
      "search_query": "boundary mastery severe management",
      "anchor_id": "women-solo",
      "tools": [
        "adrenaline-channel",
        "horizon-focus",
        "gap-3s"
      ],
      "status": "GOLD_STANDARD"
    },
    {
      "id": "pp-women-solo-30",
      "search_query": "boundary mastery severe management",
      "anchor_id": "women-solo",
      "tools": [
        "horizon-focus",
        "gap-3s",
        "vagus-90"
      ],
      "status": "GOLD_STANDARD"
    },
    {
      "id": "pp-women-solo-31",
      "search_query": "boundary mastery recovery management",
      "anchor_id": "women-solo",
      "tools": [
        "gap-3s",
        "vagus-90",
        "signal-filt"
      ],
      "status": "GOLD_STANDARD"
    },
    {
      "id": "pp-women-solo-32",
      "search_query": "boundary mastery recovery management",
      "anchor_id": "women-solo",
      "tools": [
        "vagus-90",
        "signal-filt",
        "dopamine-kill"
      ],
      "status": "GOLD_STANDARD"
    },
    {
      "id": "pp-women-solo-33",
      "search_query": "boundary mastery recovery management",
      "anchor_id": "women-solo",
      "tools": [
        "signal-filt",
        "dopamine-kill",
        "proprio-lock"
      ],
      "status": "GOLD_STANDARD"
    },
    {
      "id": "pp-women-solo-34",
      "search_query": "boundary mastery recovery management",
      "anchor_id": "women-solo",
      "tools": [
        "dopamine-kill",
        "proprio-lock",
        "thermal-shed"
      ],
      "status": "GOLD_STANDARD"
    },
    {
      "id": "pp-women-solo-35",
      "search_query": "boundary mastery recovery management",
      "anchor_id": "women-solo",
      "tools": [
        "proprio-lock",
        "thermal-shed",
        "cognitive-tunnel"
      ],
      "status": "GOLD_STANDARD"
    },
    {
      "id": "pp-women-solo-36",
      "search_query": "boundary mastery recovery management",
      "anchor_id": "women-solo",
      "tools": [
        "thermal-shed",
        "cognitive-tunnel",
        "bandwidth-triage"
      ],
      "status": "GOLD_STANDARD"
    },
    {
      "id": "pp-women-solo-37",
      "search_query": "boundary mastery recovery management",
      "anchor_id": "women-solo",
      "tools": [
        "cognitive-tunnel",
        "bandwidth-triage",
        "anchor-protocol"
      ],
      "status": "GOLD_STANDARD"
    },
    {
      "id": "pp-women-solo-38",
      "search_query": "boundary mastery recovery management",
      "anchor_id": "women-solo",
      "tools": [
        "bandwidth-triage",
        "anchor-protocol",
        "memory-reframe"
      ],
      "status": "GOLD_STANDARD"
    },
    {
      "id": "pp-women-solo-39",
      "search_query": "boundary mastery recovery management",
      "anchor_id": "women-solo",
      "tools": [
        "anchor-protocol",
        "memory-reframe",
        "ego-deescalate"
      ],
      "status": "GOLD_STANDARD"
    },
    {
      "id": "pp-women-solo-40",
      "search_query": "boundary mastery recovery management",
      "anchor_id": "women-solo",
      "tools": [
        "memory-reframe",
        "ego-deescalate",
        "verbal-judo"
      ],
      "status": "GOLD_STANDARD"
    }
  ],
  "createdAt": "2026-02-07T03:03:36.367Z",
  "updatedAt": "2026-02-07T03:03:36.367Z"
}
