{
  "id": "approval_1766615841906_ogsyb00",
  "filePath": "test-approval.js",
  "timestamp": "2025-12-24T22:37:21.906Z",
  "reason": "Test approval request",
  "testResults": {
    "overallStatus": "pass",
    "syntaxTest": {
      "syntaxValid": true,
      "errors": []
    },
    "validations": {
      "hasContent": true,
      "fileSize": 28
    }
  },
  "comparison": {
    "added": 0,
    "removed": 0,
    "modified": 1,
    "totalChanges": 1,
    "details": {
      "added": [],
      "removed": [],
      "modified": [
        {
          "line": 1,
          "original": "function old() { return 1; }",
          "new": "function new() { return 2; }"
        }
      ]
    }
  },
  "status": "pending",
  "originalSize": 28,
  "newSize": 28,
  "originalContent": "function old() { return 1; }",
  "newContent": "function new() { return 2; }"
}