{
  "timestamp": "2025-12-25T07:47:20.394Z",
  "status": "deployed",
  "steps": [
    {
      "step": "tool_rotation",
      "status": "ready",
      "timestamp": "2025-12-25T07:47:20.397Z"
    },
    {
      "step": "ai_tour_guide",
      "status": "ready",
      "timestamp": "2025-12-25T07:47:20.397Z"
    },
    {
      "step": "content_audit",
      "status": "ready",
      "timestamp": "2025-12-25T07:47:20.398Z"
    },
    {
      "step": "migration_script",
      "status": "ready",
      "timestamp": "2025-12-25T07:47:20.398Z"
    },
    {
      "step": "matrix_engine",
      "status": "ready",
      "timestamp": "2025-12-25T07:47:20.399Z"
    },
    {
      "step": "authority_engine",
      "status": "ready",
      "timestamp": "2025-12-25T07:47:20.399Z"
    }
  ],
  "deployment": {
    "toolRotation": "ready",
    "aiTour": "ready",
    "contentMigration": "ready",
    "uxImprovements": "ready",
    "citations": "ready"
  },
  "testResults": {
    "passed": 22,
    "failed": 0,
    "timestamp": "2025-12-25T07:31:42.686Z"
  },
  "deployedAt": "2025-12-25T07:47:20.401Z"
}