[
  {
    "title": "Affect Labeling and Emotional Regulation",
    "url": "https://www.ncbi.nlm.nih.gov/pmc/articles/PMC3156609/",
    "supports": "Shows that putting feelings into words can reduce emotional intensity and support better self-control, underlying the Pressure Dump and Anger ≠ Action tools."
  },
  {
    "title": "Stress Response and Decision-Making",
    "url": "https://www.ncbi.nlm.nih.gov/books/NBK541120/",
    "supports": "Explains how stress shifts thinking toward fast, reactive systems and away from reflective judgment, supporting the need for Decision Delay and Anger ≠ Action."
  },
  {
    "title": "Allostatic Load and Allostasis: Implications for Neuropsychopharmacology",
    "url": "https://www.ncbi.nlm.nih.gov/books/NBK350265/",
    "supports": "Describes how chronic stress and ongoing demands create wear-and-tear on the body, backing the focus on pressure load and Silent Load Inventory."
  },
  {
    "title": "Protective and Damaging Effects of Stress Mediators",
    "url": "https://pubmed.ncbi.nlm.nih.gov/9800931/",
    "supports": "Shows how long-term activation of the stress system harms cardiovascular and metabolic health, connecting Gate 01 pressure to physical cost."
  },
  {
    "title": "Job Strain as a Risk Factor for Coronary Heart Disease: A Collaborative Meta-Analysis",
    "url": "https://www.ncbi.nlm.nih.gov/pmc/articles/PMC3816699/",
    "supports": "Links high demands with low control at work to increased heart disease risk, supporting the emphasis on real control and Decision Delay."
  },
  {
    "title": "Stress Signalling Pathways that Impair Prefrontal Cortex Structure and Function",
    "url": "https://www.ncbi.nlm.nih.gov/pmc/articles/PMC2907136/",
    "supports": "Explains how stress weakens prefrontal brain areas involved in planning and impulse control, backing tools that create gaps between feeling and action."
  },
  {
    "title": "Sleep and Emotion Regulation: Evidence from Functional Neuroimaging",
    "url": "https://www.ncbi.nlm.nih.gov/pmc/articles/PMC2656292/",
    "supports": "Shows that sleep improves emotional regulation and decision-making, supporting the 24-hour delay guideline for major decisions."
  },
  {
    "title": "Men, Masculinity, and the Contexts of Help Seeking",
    "url": "https://psycnet.apa.org/doi/10.1037/0003-066X.58.1.5",
    "supports": "Examines how masculine norms shape men’s reluctance to seek support, backing the framing and design of Isolation Reality Check."
  },
  {
    "title": "Social Relationships and Health: A Flashpoint for Health Policy",
    "url": "https://www.ncbi.nlm.nih.gov/pmc/articles/PMC6125010/",
    "supports": "Shows that social connection and perceived support reduce stress and improve health outcomes, supporting the mechanism of Isolation Reality Check."
  },
  {
    "title": "Caregiver Burden and Mental Health Outcomes",
    "url": "https://www.ncbi.nlm.nih.gov/pmc/articles/PMC4056857/",
    "supports": "Highlights how invisible, ongoing responsibilities contribute to stress and health risks, reinforcing the importance of mapping silent load."
  }
]

