{
  "id": "approval_1770055719065_p0rbvbv",
  "filePath": "test.js",
  "timestamp": "2026-02-02T18:08:39.065Z",
  "reason": "Test approval",
  "testResults": {
    "overallStatus": "pass",
    "syntaxTest": {
      "syntaxValid": true,
      "errors": [],
      "warnings": []
    },
    "issues": []
  },
  "comparison": {
    "added": 0,
    "removed": 0,
    "modified": 1,
    "totalChanges": 1,
    "details": {
      "added": [],
      "removed": [],
      "modified": [
        {
          "line": 1,
          "original": "old code",
          "new": "new code"
        }
      ]
    }
  },
  "status": "pending",
  "originalSize": 8,
  "newSize": 8,
  "originalContent": "old code",
  "newContent": "new code"
}