{
  "timestamp": "2026-02-09T19:05:22.381Z",
  "system": {
    "platform": "win32",
    "nodeVersion": "v22.16.0",
    "totalMemory": 16089,
    "freeMemory": 3883
  },
  "checklist": {
    "persistenceStatus": {
      "status": "✅ PASS",
      "nodesOnDisk": 2764,
      "connectionsOnDisk": 2687,
      "files": {
        "resonanceNodes": true,
        "linkMap": true,
        "registry": true
      }
    },
    "resonanceLogic": {
      "status": "✅ PASS",
      "valid": true,
      "hasInfiniteLoop": false,
      "weightPropagation": true,
      "tracesTested": 5
    },
    "projectedCPURAMLoad": {
      "status": "✅ PASS",
      "projectedRAMMB": 10,
      "limitMB": 512,
      "needsStreaming": false,
      "loadTime": 29.380500000000005
    },
    "failoverReliability": {
      "status": "✅ PASS",
      "wrapperCreated": true,
      "failoverTimeout": 10,
      "wrapperPath": "C:\\Users\\Earl Taylor\\Documents\\program-loader-seed_MATRIX_COMPLETE_2025-12-26\\program-loader-seed\\scripts\\audit-output\\fail-safe-wrapper.js"
    },
    "ga4DataHandshake": {
      "status": "⚠️  WARNING",
      "ga4EventsFound": 0,
      "hasCatchAll": false,
      "recommendation": "Create catch-all node for unmapped events"
    }
  },
  "recommendations": [
    "Create catch-all node for unmapped GA4 events"
  ],
  "readyForDeployment": true
}